{"cameraMode":{"drawMode":0,"name":"Shaded","section":"Shading Mode"},"sceneLighting":true,"audioPlay":false,"sceneViewState":{"m_AlwaysRefresh":false,"showFog":true,"showSkybox":true,"showFlares":true,"showImageEffects":true,"showParticleSystems":true,"showVisualEffectGraphs":true,"m_FxEnabled":true},"in2DMode":false,"pivot":{"x":-0.5595346689224243,"y":-0.122007355093956,"z":-0.0567018985748291},"rotation":{"x":-0.10807213187217713,"y":-0.021772336214780809,"z":0.0023675239644944669,"w":-0.9939043521881104},"size":1.6311802864074708,"orthographic":false}